<?xml version="1.0" encoding="UTF-8"?>
<beans xmlns="http://www.springframework.org/schema/beans"
	xmlns:xsi="http://www.w3.org/2001/XMLSchema-instance" 
	xmlns:context="http://www.springframework.org/schema/context"
	xmlns:jee="http://www.springframework.org/schema/jee" 
	xmlns:tx="http://www.springframework.org/schema/tx"
	
	xsi:schemaLocation="http://www.springframework.org/schema/jee 
	http://www.springframework.org/schema/jee/spring-jee-3.0.xsd 
	http://www.springframework.org/schema/beans 
	http://www.springframework.org/schema/beans/spring-beans-4.3.xsd
        http://www.springframework.org/schema/context 
        http://www.springframework.org/schema/context/spring-context.xsd
        http://www.springframework.org/schema/tx 
        http://www.springframework.org/schema/tx/spring-tx.xsd">
 <!-- 
 http://www.springframework.org/schema/tx/spring-tx-4.3.xsd
  -->

<context:component-scan base-package="com.ggl.*"/>  
 

 <bean id="GGLDS" class="org.springframework.jdbc.datasource.DriverManagerDataSource">
		<property name="driverClassName" value="com.mysql.jdbc.Driver" />
		<property name="url" value="jdbc:mysql://35.166.255.46:3306/ggllivedb" />
		<property name="username" value="root"/>
		<property name="password" value="AJdata@123"/>
		</bean>    
 		 
<!--   <bean id="GGLDS" class="org.springframework.jdbc.datasource.DriverManagerDataSource">
		<property name="driverClassName" value="com.mysql.jdbc.Driver" />
		<property name="url" value="jdbc:mysql://localhost:3306/ggldb" />
		<property name="username" value="root"/>
		<property name="password" value="root"/>
		</bean>    
 		 		  -->
 	
		
		<bean id="entityManagerFactory"  class="org.springframework.orm.jpa.LocalContainerEntityManagerFactoryBean">
    	<property name="persistenceUnitName" value="ggl-pu" />  
	    <property name="dataSource" ref="GGLDS" />
		<property name="jpaVendorAdapter">
			<bean class="org.springframework.orm.jpa.vendor.HibernateJpaVendorAdapter">
				<property name="showSql" value="true" />
				<property name="database" value="MYSQL" />
				<property name="generateDdl" value="true" />	
			</bean>
		</property>
		
		
		<property name="jpaProperties">
      		<props>
         		<prop key="hibernate.dialect">org.hibernate.dialect.MySQLDialect</prop>
         		<prop key="hibernate.cache.provider_class">org.hibernate.cache.HashtableCacheProvider</prop>
         		<prop key="hibernate.hbm2ddl.auto">update</prop> 
   				<prop key="hibernate.show_sql">true</prop> 
      		</props>
   		</property>  
	</bean>	
	

	
  <!-- <context:property-placeholder location="file:///${Filepath}/Filepath.properties" />   -->
<tx:annotation-driven transaction-manager="transactionManager"/>

 <bean id="transactionManager" class="org.springframework.orm.jpa.JpaTransactionManager">
		<property name="entityManagerFactory" ref="entityManagerFactory" />
</bean>
 

  
 
</beans>